<?xml version="1.0" encoding="UTF-8"?>

<beans xmlns="http://www.springframework.org/schema/beans"
	xmlns:xsi="http://www.w3.org/2001/XMLSchema-instance"
	xmlns:context="http://www.springframework.org/schema/context"
	xsi:schemaLocation="http://www.springframework.org/schema/beans
	http://www.springframework.org/schema/beans/spring-beans-3.0.xsd
	http://www.springframework.org/schema/context
	http://www.springframework.org/schema/context/spring-context-3.0.xsd">
	
	
	<bean id="permanentAddress" class="com.virtusa.corespring.model.Address">
	<property name="doorNo" value="10"></property>
	<property name="streetName" value="Gandhi Street"></property>
	<property name="city" value="Chennai"></property>
	<property name="state" value="TN"></property>
	
	</bean>
	<bean id="communicationAddress" class="com.virtusa.corespring.model.Address">
	<property name="doorNo" value="101"></property>
	<property name="streetName" value="GaStreet"></property>
	<property name="city" value="Cheai"></property>
	<property name="state" value="TNjhj"></property>
	
	</bean>
	
	<bean id="person" class="com.virtusa.corespring.model.Person">
	
	
	<property name="name" value="Kishore"></property>
	<property name="email" value="krishna.kk@cid.com"></property>
	<property name="mobileNo" value="100"></property>
	<property name="permanentAddress" ref="permanentAddress"></property>
	
	<property name="communicationAddress" ref="communicationAddress"></property>
	
	
	
	
	
	</bean>
	
	
	<bean id="customer" class="com.virtusa.corespring.model.Customer" scope="prototype"  parent="person" autowire="byType">
	<property name="customerId" value="456"></property>
	
	<property name="email" value="mine@mine.com"></property>
	<property name="doj" ></property>
	<property name="assests" >
	
	<list>
	<value>House</value>
	<value>Lana</value>
	<value>del</value>

	</list>
	
	</property>
	
	
	
	
	
	
	
	
	
	
	
	
	</bean>
	
	<bean id="doj" class="java.util.Date">
	<constructor-arg index="0" value="119"></constructor-arg>
	<constructor-arg index="1" value="8"></constructor-arg>
	<constructor-arg index="2" value="9"></constructor-arg>
	</bean>
	
	
</beans>