<?xml version="1.0" encoding="UTF-8"?>

<beans xmlns="http://www.springframework.org/schema/beans"
	xmlns:xsi="http://www.w3.org/2001/XMLSchema-instance"
	xmlns:context="http://www.springframework.org/schema/context"
	xsi:schemaLocation="http://www.springframework.org/schema/beans
	http://www.springframework.org/schema/beans/spring-beans-3.0.xsd
	http://www.springframework.org/schema/context
	http://www.springframework.org/schema/context/spring-context-3.0.xsd">
	
	<!-- enable annotation  -->
	<context:annotation-config></context:annotation-config>
	<context:component-scan base-package="com.virtusa.corespringannotaions.*"></context:component-scan>
	
	
	<bean id="transaction" class="com.virtusa.corespringannotaions.models.Transaction">
	<constructor-arg index="0" value="1451"></constructor-arg>
	<constructor-arg index="1" value="456874"></constructor-arg>
	<!-- <property name="dot" ref="dot"></property> -->

	
	<property name="amount" value="1000009"></property>
	</bean>
	
	<bean id="account" class="com.virtusa.corespringannotaions.models.Account">
	
	<constructor-arg index="0" value="Mine"></constructor-arg>
	<constructor-arg index="1" value="Savings"></constructor-arg>
	</bean>
	
	
	<bean id="date" class="java.util.Date">
	<constructor-arg index="0" value="1119"></constructor-arg>
	<constructor-arg index="1" value="8"></constructor-arg>
	<constructor-arg index="2" value="9"></constructor-arg>
	</bean>
	
	
	</beans>