<?xml version="1.0" encoding="UTF-8"?>

<beans xmlns="http://www.springframework.org/schema/beans"
	xmlns:mvc="http://www.springframework.org/schema/mvc"
	xmlns:context="http://www.springframework.org/schema/context"
	xmlns:xsi="http://www.w3.org/2001/XMLSchema-instance"
	xsi:schemaLocation="
        http://www.springframework.org/schema/beans     
        http://www.springframework.org/schema/beans/spring-beans.xsd
        http://www.springframework.org/schema/mvc 
        http://www.springframework.org/schema/mvc/spring-mvc.xsd
        http://www.springframework.org/schema/context 
        http://www.springframework.org/schema/context/spring-context.xsd">
 
	<mvc:annotation-driven />
	<context:component-scan
		base-package="com.virtusa.webinsurance.*" />
	<mvc:default-servlet-handler />
 
	 <mvc:resources location="/views/" mapping="/views/**"  />
	 <mvc:resources location="/images/" mapping="/images/**"/>
	 <mvc:resources location="/styles/" mapping="/styles/**"/>
	 <mvc:resources location="/scripts/" mapping="/scripts/**"/>
  
 
	<bean id="viewResolver"
		class="org.springframework.web.servlet.view.UrlBasedViewResolver">
		<property name="viewClass"
			value="org.springframework.web.servlet.view.JstlView" />
		<property name="prefix" value="/views/" />
		<property name="suffix" value=".jsp" />
	</bean>
 
</beans>